,Population Density,Population,Working Age Population,Youth Dependency Ratio,Unemployment Rate,GDP per Capita,Days of very strong heat stress,Average Monthly Salary,Average Rent Price,Average Cost of Living,Average Price Groceries,Last Data Update,City,Country,Arabic,Bengali,Bulgarian,Catalan,Croatian,Czech,Danish,Dutch,English,Estonian,Finnish,French,Gaelic,German,Greek,Hungarian,Irish,Italian,Latvian,Luxembourgish,Maltese,Norwegian,Polish,Portuguese,Romanian,Russian,Scots,Serbian,Slovak,Slovene,Spanish,Swedish,Turkish,Unknown,Urdu,Valencian,Food Prices,Gas Prices Calculator,Salary Calculator,Quality of Life,Crime,Pollution
0,310.0,2983513,2018818,20.1,10.2,55770.0,3,2500,1050,2061,340.0,2024-06-15,Vienna,Austria,0,0,0,0,0,0,0,0,1,0,0,0,0,1,0,0,0,0,0,0,0,0,0,0,0,0,0,1,0,0,0,0,1,0,0,0,22.5,1.55,2639.33,907.47,626.0799999999999,874.3000000000001
1,243.0,375489,250472,20.3,3.0,66689.0,0,3200,1100,2186,,2023-11-03,Salzburg,Austria,0,0,0,0,0,0,0,0,0,0,0,0,0,1,0,0,0,0,0,0,0,0,0,0,0,0,0,0,0,0,0,0,0,0,0,0,23.899999999999995,1.5,2639.33,872.8299999999999,545.52,891.73
2,681.0,3284548,2137425,27.5,10.7,62500.0,3,3350,1200,1900,,2023-04-22,Brussels,Belgium,1,0,0,0,0,0,0,1,1,0,0,1,0,0,0,0,0,0,0,0,0,0,0,0,0,0,0,0,0,0,0,0,0,0,0,0,20.360000000000007,1.64,2624.98,817.91,922.6500000000001,1016.64
3,928.0,1139663,723396,27.7,6.2,57595.0,3,2609,900,1953,,2024-08-09,Antwerp,Belgium,1,0,0,0,0,0,0,1,0,0,0,1,0,0,0,0,0,0,0,0,0,0,0,0,0,0,0,0,0,0,0,0,0,0,0,0,18.849999999999998,1.63,2624.98,849.4900000000002,753.1499999999999,1000.1400000000001
4,552.0,645813,417832,24.8,5.3,53311.0,2,2400,827,1200,120.0,2023-07-17,Gent,Belgium,0,0,0,0,0,0,0,1,0,0,0,1,0,0,0,0,0,0,0,0,0,0,0,0,0,0,0,0,0,0,0,0,0,0,0,0,19.19,1.61,2624.98,913.8299999999999,584.52,900.27
5,840.0,119765,74600,25.63,5.6,63083.0,0,2700,1250,1708,,2023-10-25,Bruges,Belgium,0,0,0,0,0,0,0,1,0,0,0,1,0,0,0,0,0,0,0,0,0,0,0,0,0,0,0,0,0,0,0,0,0,0,0,0,20.009999999999998,1.65,2624.98,874.79,595.57,893.1999999999999
6,272.0,1553106,1043522,21.4,2.3,43563.0,0,1300,450,1100,,2024-02-11,Sofia,Bulgaria,0,0,1,0,0,0,0,0,1,0,0,0,0,0,0,0,0,0,0,0,0,0,0,0,0,0,0,0,0,0,0,0,1,0,0,0,26.38,2.48,1028.65,731.73,767.7799999999999,1053.64
7,640.0,73895,46359,22.85,4.6,10089.92,0,1200,400,1100,,2023-12-30,Dobrich,Bulgaria,0,0,1,0,0,0,0,0,0,0,0,0,0,0,0,0,0,0,0,0,0,0,0,0,0,0,0,0,0,0,0,0,1,0,0,0,0.0,0,1028.65,0,0,0
8,1058.0,1384728,939270,22.3,4.7,80431.0,4,6636,3190,4862,,2023-05-06,Zurich,Switzerland,0,0,0,0,0,0,0,0,1,0,0,0,0,1,0,0,0,0,0,0,0,0,0,0,0,0,0,0,0,0,0,0,0,0,0,0,34.27000000000001,1.81,6291.96,987.2099999999999,569.27,889.7500000000001
9,1112.0,597269,404313,23.8,9.9,83747.0,1,5794,2818,4263,,2024-09-28,Geneva,Switzerland,0,0,0,0,0,0,0,0,1,0,0,1,0,0,0,0,0,0,0,0,0,0,0,0,0,0,0,0,0,0,0,0,0,0,0,0,33.25,1.8,6291.96,964.6299999999999,641.02,902.6400000000001
10,793.0,550152,358020,21.5,5.3,94826.0,5,6366,2500,4239,,2023-01-19,Basel,Switzerland,0,0,0,0,0,0,0,0,1,0,0,1,0,1,0,0,0,0,0,0,0,0,0,0,0,0,0,0,0,0,0,0,0,0,0,0,31.90000000000001,1.76,6291.96,999.6799999999998,648.8000000000001,906.3399999999999
11,130.0,356400,237000,23.06,9.6,34907.0,45,1486,700,1350,,2024-04-08,Lefkosia,Cyprus,0,0,0,0,0,0,0,0,1,0,0,0,0,0,1,0,0,0,0,0,0,0,0,0,0,0,0,0,0,0,0,0,1,0,0,0,15.970000000000002,1.39,1702.96,751.3899999999999,689.74,1026.52
12,190.0,262238,173906,23.06,11.2,49588.0,0,2500,1400,2300,,2023-08-14,Lemesos,Cyprus,0,0,0,0,0,0,0,0,1,0,0,0,0,0,1,0,0,0,0,0,0,0,0,0,0,1,0,0,0,0,0,0,0,0,0,0,16.61,1.43,1702.96,794.0999999999999,761.9200000000001,1016.0999999999998
13,388.0,2231212,1445800,26.2,1.4,64996.0,1,1860,100,1590,,2024-12-05,Prague,Czechia,0,0,0,0,0,1,0,0,1,0,0,0,0,0,0,0,0,0,0,0,0,0,0,0,0,0,0,0,0,0,0,0,0,0,0,0,371.66999999999996,36.72,,808.92,615.68,930.13
14,499.0,711860,464578,23.0,3.7,30105.0,0,1520,500,1100,,2023-09-21,Ostrava,Czechia,0,0,0,0,0,1,0,0,0,0,0,0,0,0,0,0,0,0,0,0,0,0,0,0,0,0,0,0,0,0,0,0,0,0,0,0,359.94000000000005,35.98,,792.05,650.3100000000001,1015.5900000000001
15,304.0,5303922,3481212,21.3,4.7,46548.0,3,3200,1220,2200,,2023-06-29,Berlin,Germany,1,0,0,0,0,0,0,0,1,0,0,0,0,1,0,0,0,0,0,0,0,0,0,0,0,0,0,0,0,0,0,0,1,0,0,0,18.55,1.7,2983.93,833.85,812.2800000000001,941.5800000000002
16,461.0,3315036,2181857,21.5,3.2,61058.0,0,3500,1100,2100,,2024-07-10,Hamburg,Germany,0,0,0,0,0,0,0,0,1,0,0,0,0,1,0,0,0,0,0,0,0,0,0,0,0,0,0,0,0,0,0,0,1,0,0,0,18.78,1.73,2983.93,892.9599999999999,744.6299999999999,905.0999999999999
17,529.0,2907752,1955041,21.1,2.1,83965.0,1,3540,1500,2550,,2023-03-16,Munich,Germany,0,0,0,0,0,0,0,0,1,0,0,0,0,1,0,0,0,0,0,0,0,0,0,0,0,0,0,0,0,0,0,0,0,0,0,0,18.330000000000002,1.72,2983.93,922.5,549.56,895.4
18,1233.0,2002550,1335299,20.8,3.9,60310.0,3,3200,1030,2000,230.0,2024-11-23,Cologne,Germany,0,0,0,0,0,0,0,0,1,0,0,0,0,1,0,0,0,0,0,0,0,0,0,0,0,0,0,0,0,0,0,0,1,0,0,0,20.01,1.7,2983.93,852.6300000000001,800.2099999999999,939.99
19,631.0,2710501,1791435,22.0,3.2,69372.0,6,3800,1300,2350,,2023-02-04,Frankfurt am Main,Germany,0,0,0,0,0,0,0,0,1,0,0,0,0,1,0,0,0,0,0,0,0,0,0,0,0,0,0,0,0,0,0,0,0,0,0,0,19.76,1.73,2983.93,930.7099999999999,787.96,929.54
20,763.0,2787449,1843613,21.2,2.5,67644.0,3,3300,1300,2300,,2024-05-19,Stuttgart,Germany,0,0,0,0,0,0,0,0,0,0,0,0,0,1,0,0,0,0,0,0,0,0,0,0,0,0,0,0,0,0,0,0,1,0,0,0,19.99,1.73,2983.93,918.13,627.4499999999999,920.7
21,263.0,1043613,662617,21.4,4.3,41097.0,3,2800,800,1600,,2023-07-30,Leipzig,Germany,0,0,0,0,0,0,0,0,0,0,0,0,0,1,0,0,0,0,0,0,0,0,0,0,0,0,0,0,0,0,0,0,0,0,0,0,19.679999999999996,1.72,2983.93,854.99,779.2500000000001,892.4700000000001
22,231.0,1343213,818095,23.0,3.8,39767.0,0,3050,800,1530,,2023-08-01,Dresden,Germany,0,0,0,0,0,0,0,0,0,0,0,0,0,1,0,0,0,0,0,0,0,0,0,0,0,0,0,0,0,0,0,0,0,0,0,0,19.200000000000003,1.73,2983.93,902.37,645.46,894.8000000000001
23,1295.0,1554077,733794,21.4,3.3,71238.0,3,3200,1100,2050,,2024-01-15,Dusseldorf,Germany,0,0,0,0,0,0,0,0,0,0,0,0,0,0,0,0,0,0,0,0,0,0,0,0,0,0,0,0,0,0,0,0,0,1,0,0,19.379999999999995,1.72,2983.93,917.4599999999999,674.7299999999999,907.26
24,444.0,1316467,854349,21.0,4.0,54827.0,2,2800,900,1800,,2023-10-07,Hanover,Germany,0,0,0,0,0,0,0,0,0,0,0,0,0,1,0,0,0,0,0,0,0,0,0,0,0,0,0,0,0,0,0,0,0,0,0,0,19.16,1.71,2983.93,836.1699999999998,798.84,899.8900000000001
25,598.0,1933919,1280970,25.4,6.5,63540.0,0,4200,2100,2750,,2024-03-26,Copenhagen,Denmark,0,0,0,0,0,0,1,0,1,0,0,0,0,0,0,0,0,0,0,0,0,0,0,0,0,0,0,0,0,0,0,0,0,0,0,0,169.21000000000004,14.38,3641.75,932.9799999999999,593.73,894.32
26,160.0,382711,245174,24.7,9.5,40304.0,0,3400,1000,2100,,2023-12-02,Odense,Denmark,0,0,0,0,0,0,1,0,0,0,0,0,0,0,0,0,0,0,0,0,0,0,0,0,0,0,0,0,0,0,0,0,0,0,0,0,161.38,14.33,3641.75,968.4599999999999,586.5999999999999,909.98
27,873.0,6882461,4617753,23.0,10.8,51020.0,18,2271,1100,1589,,2023-05-14,Madrid,Spain,0,0,0,0,0,0,0,0,0,0,0,0,0,0,0,0,0,0,0,0,0,0,0,0,0,0,0,0,0,0,1,0,0,0,0,0,16.09,1.58,1794.5,841.5800000000002,655.11,935.79
28,1918.0,5034925,3331345,22.6,11.0,45016.0,0,2094,1450,1630,,2024-10-18,Barcelona,Spain,0,0,0,1,0,0,0,0,0,0,0,0,0,0,0,0,0,0,0,0,0,0,0,0,0,0,0,0,0,0,1,0,0,0,0,0,16.159999999999997,1.53,1794.5,776.6500000000001,890.5500000000001,1010.4200000000001
29,548.0,1748142,1162828,22.6,13.7,33570.0,5,2400,1190,1300,,2023-06-04,Valencia,Spain,0,0,0,0,0,0,0,0,0,0,0,0,0,0,0,0,0,0,0,0,0,0,0,0,0,0,0,0,0,0,1,0,0,0,0,1,13.14,1.53,1794.5,874.0600000000001,720.3699999999999,886.08
30,330.0,1549641,1037225,25.0,21.6,30004.0,53,2300,650,1150,,2024-09-01,Seville,Spain,0,0,0,0,0,0,0,0,0,0,0,0,0,0,0,0,0,0,0,0,0,0,0,0,0,0,0,0,0,0,1,0,0,0,0,0,15.300000000000006,1.52,1794.5,811.2599999999999,750.58,953.64
31,571.0,869096,585608,23.5,17.7,27694.0,0,2200,1312,1400,,2023-11-27,Malaga,Spain,0,0,0,0,0,0,0,0,1,0,0,0,0,0,0,0,0,0,0,0,0,0,0,0,0,0,0,0,0,0,1,0,0,0,0,0,14.229999999999999,1.54,1794.5,798.64,662.7200000000001,937.8599999999999
32,2469.0,390860,253977,26.9,3.5,49329.0,0,1700,700,1600,,2023-08-23,Tallinn,Estonia,0,0,0,0,0,0,0,0,1,1,0,0,0,0,0,0,0,0,0,0,0,0,0,0,0,1,0,0,0,0,0,0,0,0,0,0,16.99,1.62,1560.69,790.2,557.63,865.27
33,322.0,1507140,1004835,25.1,6.6,59502.0,0,3900,1050,2050,,2023-09-12,Helsinki,Finland,0,0,0,0,0,0,0,0,1,0,1,0,0,0,0,0,0,0,0,0,0,0,0,0,0,0,0,0,0,0,0,1,0,0,0,0,19.609999999999996,1.78,2708.26,865.3399999999999,595.25,851.4
34,65.0,444370,283876,25.6,6.6,41954.0,0,3500,850,1600,,2024-04-29,Tampere,Finland,0,0,0,0,0,0,0,0,0,0,1,0,0,0,0,0,0,0,0,0,0,0,0,0,0,0,0,0,0,0,0,0,0,0,0,0,19.16,1.79,2708.26,876.5099999999999,542.18,855.0
35,20983.0,2110000,1336000,27.31,8.1,65630.0,3,3300,1450,2400,,2024-08-22,Paris,France,1,0,0,0,0,0,0,0,1,0,0,1,0,0,0,0,0,0,0,0,0,0,0,0,0,0,0,0,0,0,0,0,0,0,0,0,21.750000000000007,1.81,2452.76,810.1099999999999,958.48,1020.45
36,10909.0,520774,365824,27.31,6.9,46226.0,11,2300,1200,1800,,2023-03-31,Lyon,France,0,0,0,0,0,0,0,0,0,0,0,1,0,0,0,0,0,0,0,0,0,0,0,0,0,0,0,0,0,0,0,0,0,0,0,0,21.93,1.74,2452.76,821.64,977.3299999999999,998.57
37,4300.0,511684,401425,27.31,8.5,46226.0,14,2600,800,1600,,2024-02-20,Toulouse,France,0,0,0,0,0,0,0,0,0,0,0,1,0,0,0,0,0,0,0,0,0,0,0,0,0,0,0,0,0,0,0,0,0,0,0,0,21.189999999999998,1.77,2452.76,836.1600000000001,893.96,931.46
38,1777.0,12396541,8274794,29.1,6.1,69863.0,0,2750,1900,2800,,2023-04-09,London,United Kingdom,0,1,0,0,0,0,0,0,1,0,0,0,0,0,0,0,0,0,0,0,0,0,1,0,0,0,0,0,0,0,0,0,0,0,1,0,14.340000000000002,1.39,2760.36,816.52,914.61,997.3599999999999
39,517.0,2641062,1677791,30.0,3.5,37990.0,0,2300,1000,2000,,2024-11-03,Leeds,United Kingdom,0,0,0,0,0,0,0,0,1,0,0,0,0,0,0,0,0,0,0,0,0,0,0,0,0,0,0,0,0,0,0,0,0,0,1,0,14.73,1.41,2760.36,835.6299999999999,802.8000000000001,952.9200000000001
40,548.0,1845020,1229657,24.2,4.8,39666.0,0,2300,1050,1950,,2023-05-28,Glasgow,United Kingdom,0,0,0,0,0,0,0,0,1,0,0,0,0,0,0,0,0,0,0,0,0,0,0,0,0,0,1,0,0,0,0,0,0,0,0,0,13.51,1.42,2760.36,856.5799999999999,788.65,899.8699999999999
41,1560.0,1544216,983056,26.8,7.5,33749.0,0,2250,950,1800,,2024-01-23,Liverpool,United Kingdom,0,0,0,0,0,0,0,0,1,0,0,0,0,0,0,0,0,0,0,0,0,0,0,0,0,0,0,0,0,0,0,0,0,0,0,0,12.86,1.39,2760.36,865.9300000000001,839.2699999999998,895.33
42,527.0,907580,614959,23.4,3.7,54002.0,0,2500,1010,2050,,2023-08-15,Edinburgh,United Kingdom,0,0,0,0,0,0,0,0,1,0,0,0,1,0,0,0,0,0,0,0,0,0,0,0,0,0,1,0,0,0,0,0,0,0,0,0,14.280000000000001,1.4,2760.36,875.95,653.83,887.48
43,1829.0,3530371,2287174,22.0,17.2,38580.0,17,1050,600,1200,,2024-07-16,Athens,Greece,0,0,0,0,0,0,0,0,1,0,0,0,0,0,1,0,0,0,0,0,0,0,0,0,0,0,0,0,0,0,0,0,0,0,0,0,16.11,1.79,995.87,678.1600000000001,936.28,1016.7
44,381.0,1050568,684564,22.2,19.9,23940.0,10,1000,550,1100,,2023-12-21,Thessaloniki,Greece,0,0,0,0,0,0,0,0,0,0,0,0,0,0,1,0,0,0,0,0,0,0,0,0,0,0,0,0,0,0,0,0,0,0,0,0,14.879999999999997,1.8,995.87,670.0500000000001,899.4600000000002,988.5199999999999
45,240.0,1217131,800501,22.7,2.7,38664.0,4,1570,700,1330,,2023-10-14,Zagreb,Croatia,0,0,0,0,1,0,0,0,0,0,0,0,0,0,0,0,0,0,0,0,0,0,0,0,0,0,0,0,0,0,0,0,0,0,0,0,15.159999999999997,1.5,1392.87,808.1299999999999,581.0600000000001,952.01
46,120.0,354264,230745,22.9,6.5,21560.0,1,1500,600,1250,,2023-09-30,Split,Croatia,0,0,0,0,1,0,0,0,0,0,0,0,0,0,0,0,0,0,0,0,0,0,0,0,0,0,0,0,0,0,0,0,0,0,0,0,15.13,1.49,1392.87,774.55,672.0300000000001,902.87
47,469.0,2997506,1980550,22.4,2.4,49130.0,0,1100,650,1080,,2024-06-06,Budapest,Hungary,0,0,0,0,0,0,0,0,1,0,0,0,0,0,0,1,0,0,0,0,0,0,0,0,0,0,0,0,0,0,0,0,0,0,0,0,5349.279999999999,598.91,1099.04,718.78,710.6,998.41
48,172.0,283319,186102,24.1,4.4,21805.0,3,1000,500,900,,2023-11-18,Miskolc,Hungary,0,0,0,0,0,0,0,0,0,0,0,0,0,0,0,1,0,0,0,0,0,0,0,0,0,0,0,0,0,0,0,0,0,0,0,0,5099.129999999999,593.8,1099.04,641.3900000000001,939.19,1014.0799999999999
49,163.0,328409,219758,22.4,4.5,22648.0,7,1000,450,950,,2024-08-31,Debrecen,Hungary,0,0,0,0,0,0,0,0,0,0,0,0,0,0,0,1,0,0,0,0,0,0,0,0,0,0,0,0,0,0,0,0,0,0,0,0,5119.82,588.12,1099.04,729.8999999999999,588.95,953.5500000000001
50,283.0,1971242,1327170,29.8,4.6,101483.0,0,2900,1600,2700,,2023-07-22,Dublin,Ireland,0,0,0,0,0,0,0,0,1,0,0,0,1,0,0,0,1,0,0,0,0,0,0,0,0,0,0,0,0,0,0,0,0,0,0,0,17.92,1.78,2969.27,780.25,903.94,938.11
51,134.0,439101,284391,31.2,4.7,146094.0,0,2700,1300,2600,,2024-10-26,Cork,Ireland,0,0,0,0,0,0,0,0,1,0,0,0,1,0,0,0,1,0,0,0,0,0,0,0,0,0,0,0,0,0,0,0,0,0,0,0,18.87,1.76,2969.27,821.62,711.96,895.39
52,704.0,4335555,2818910,20.8,9.3,50088.0,7,1600,1100,1500,,2024-01-09,Rome,Italy,0,0,0,0,0,0,0,0,0,0,0,0,0,0,0,0,0,1,0,0,0,0,0,0,0,0,0,0,0,0,0,0,0,0,0,0,19.360000000000007,1.73,1680.32,751.88,850.85,982.0200000000001
53,1595.0,4965808,3167298,21.4,6.1,61133.0,17,1700,1400,1700,,2023-06-12,Milan,Italy,0,0,0,0,0,0,0,0,0,0,0,0,0,0,0,0,0,1,0,0,0,0,0,0,0,0,0,0,0,0,0,0,0,0,0,0,21.34,1.78,1680.32,731.68,900.8199999999999,1057.4900000000002
54,2615.0,3362207,2258674,23.0,23.0,25952.0,1,1200,800,1000,,2024-09-19,Naples,Italy,0,0,0,0,0,0,0,0,0,0,0,0,0,0,0,0,0,1,0,0,0,0,0,0,0,0,0,0,0,0,0,0,0,0,0,0,17.65,1.77,1680.32,693.64,976.87,1069.9099999999999
55,1020.0,1733674,1077727,20.3,8.5,43500.0,2,1300,700,950,,2023-08-27,Turin,Italy,0,0,0,0,0,0,0,0,0,0,0,0,0,0,0,0,0,1,0,0,0,0,0,0,0,0,0,0,0,0,0,0,0,0,0,0,18.55,1.76,1680.32,743.26,878.72,1050.86
56,429.0,794659,491652,20.2,6.2,55283.0,9,1300,1050,1300,256.0,2024-04-13,Florence,Italy,0,0,0,0,0,0,0,0,0,0,0,0,0,0,0,0,0,1,0,0,0,0,0,0,0,0,0,0,0,0,0,0,0,0,0,0,21.57,1.77,1680.32,753.9699999999998,779.3599999999999,963.41
57,852.0,557748,347781,19.3,6.1,39681.0,6,1400,1150,1500,,2023-03-23,Venice,Italy,0,0,0,0,0,0,0,0,0,0,0,0,0,0,0,0,0,1,0,0,0,0,0,0,0,0,0,0,0,0,0,0,0,0,0,0,20.57,1.76,1680.32,335.23999999999995,671.5200000000002,1032.9700000000003
58,236.0,610825,424824,23.1,5.6,112143.0,2,4200,2100,3300,,2024-11-29,Luxembourg,Luxembourg,0,0,0,0,0,0,0,0,1,0,0,1,0,1,0,0,0,0,0,1,0,0,0,0,0,0,0,0,0,0,0,0,0,0,0,0,23.409999999999997,1.5,4655.29,932.9599999999999,611.72,884.2
59,152.0,930245,594604,25.6,5.3,39537.0,0,1300,600,1250,,2023-12-07,Riga,Latvia,0,0,0,0,0,0,0,0,0,0,0,0,0,0,0,0,0,0,1,0,0,0,0,0,0,1,0,0,0,0,0,0,0,0,0,0,14.05,1.56,1123.85,725.6799999999998,741.1200000000001,939.8900000000002
60,1845.0,456490,309610,20.2,3.7,44781.0,0,1450,1000,1400,,2024-02-28,Valletta,Malta,0,0,0,0,0,0,0,0,1,0,0,0,0,0,0,0,0,0,0,0,1,0,0,0,0,0,0,0,0,0,0,0,0,0,0,0,17.09,1.34,1589.13,753.52,749.69,1004.0799999999999
61,2646.0,1103137,733794,25.1,4.2,54976.0,1,3500,1250,2000,,2023-09-17,The Hague,Netherlands,0,0,0,0,0,0,0,1,1,0,0,0,0,0,0,0,0,0,0,0,0,0,0,0,0,0,0,0,0,0,0,0,0,0,0,0,19.31,1.95,3348.02,980.6800000000001,519.8199999999999,875.5699999999999
62,864.0,2862590,1913803,24.0,3.3,73065.0,2,3750,1150,2550,,2024-07-21,Amsterdam,Netherlands,0,0,0,0,0,0,0,1,1,0,0,0,0,0,0,0,0,0,0,0,0,0,0,0,0,0,0,0,0,0,0,0,0,0,0,0,20.220000000000002,1.97,3348.02,924.27,590.41,892.9300000000001
63,864.0,1860582,1213524,25.2,4.1,54780.0,2,3100,1350,2100,,2023-10-11,Rotterdam,Netherlands,0,0,0,0,0,0,0,1,1,0,0,0,0,0,0,0,0,0,0,0,0,0,0,0,0,0,0,0,0,0,0,0,0,0,0,0,19.33,1.95,3348.02,920.88,584.1600000000001,890.25
64,924.0,898712,592246,26.2,3.0,67062.0,3,3200,1300,2000,,2024-05-26,Utrecht,Netherlands,0,0,0,0,0,0,0,1,1,0,0,0,0,0,0,0,0,0,0,0,0,0,0,0,0,0,0,0,0,0,0,0,0,0,0,0,19.650000000000002,1.94,3348.02,950.7699999999999,546.4200000000001,889.65
65,551.0,760059,495081,23.2,3.3,62660.0,3,3100,1100,1900,,2023-06-20,Eindhoven,Netherlands,0,0,0,0,0,0,0,1,1,0,0,0,0,0,0,0,0,0,0,0,0,0,0,0,0,0,0,0,0,0,0,0,0,0,0,0,18.430000000000003,1.95,3348.02,941.74,532.1599999999999,890.5999999999999
66,189.0,1398715,947183,26.4,5.4,67128.0,0,3600,1350,2200,,2024-12-12,Oslo,Norway,0,0,0,0,0,0,0,0,1,0,0,0,0,0,0,0,0,0,0,0,0,1,0,0,0,0,0,0,0,0,0,0,0,0,0,0,296.25,22.07,3223.92,826.32,679.8199999999999,884.7600000000001
67,126.0,419854,278139,27.2,4.6,51095.0,0,3500,1200,2100,,2023-04-30,Bergen,Norway,0,0,0,0,0,0,0,0,1,0,0,0,0,0,0,0,0,0,0,0,0,1,0,0,0,0,0,0,0,0,0,0,0,0,0,0,279.73,21.36,3223.92,901.47,573.4,875.58
68,122.0,339690,225096,30.4,1.6,58137.0,0,3500,1100,2000,,2024-03-15,Stavanger,Norway,0,0,0,0,0,0,0,0,1,0,0,0,0,0,0,0,0,0,0,0,0,1,0,0,0,0,0,0,0,0,0,0,0,0,0,0,275.40999999999997,21.26,3223.92,907.99,573.0600000000001,876.31
69,370.0,3181548,2068260,25.7,2.2,67994.0,1,1500,950,1450,,2023-11-13,Warsaw,Poland,0,0,0,0,0,0,0,0,1,0,0,0,0,0,0,0,0,0,0,0,0,0,1,0,0,0,0,0,0,0,0,0,0,0,0,0,56.910000000000004,6.19,1465.57,769.85,606.69,1026.73
70,536.0,907836,587774,20.4,3.7,37618.0,2,1200,800,1200,,2024-08-05,Lodz,Poland,0,0,0,0,0,0,0,0,0,0,0,0,0,0,0,0,0,0,0,0,0,0,1,0,0,0,0,0,0,0,0,0,0,0,0,0,49.79000000000001,6.26,1465.57,744.25,711.4900000000001,1019.6999999999999
71,376.0,1410424,938323,23.7,2.9,40721.0,0,1400,1000,1500,,2023-07-11,Cracow,Poland,0,0,0,0,0,0,0,0,1,0,0,0,0,0,0,0,0,0,0,0,0,0,1,0,0,0,0,0,0,0,0,0,0,0,0,0,51.79,6.08,1465.57,764.7300000000002,588.49,1079.69
72,695.0,3008000,1871604,25.4,7.4,42363.0,1,1220,1050,1600,100.0,2024-10-04,Lisbon,Portugal,0,0,0,0,0,0,0,0,1,0,0,0,0,0,0,0,0,0,0,0,0,0,0,1,0,0,0,0,0,0,0,0,0,0,0,0,14.650000000000002,1.77,1124.41,752.2600000000001,687.93,937.8699999999999
73,1343.0,1280190,840851,20.5,7.0,31339.0,0,1100,900,1400,,2023-05-23,Porto,Portugal,0,0,0,0,0,0,0,0,0,0,0,0,0,0,0,0,0,0,0,0,0,0,0,1,0,0,0,0,0,0,0,0,0,0,0,0,13.39,1.73,1124.41,778.22,686.6600000000001,879.32
74,501.0,247719,169611,20.3,7.0,28783.0,1,1000,700,1100,,2024-01-31,Braga,Portugal,0,0,0,0,0,0,0,0,0,0,0,0,0,0,0,0,0,0,0,0,0,0,0,1,0,0,0,0,0,0,0,0,0,0,0,0,13.47,1.69,1124.41,764.17,756.9699999999999,889.64
75,162.0,264656,166311,19.5,5.3,30407.0,2,1000,650,1050,,2024-06-19,Coimbra,Portugal,0,0,0,0,0,0,0,0,0,0,0,0,0,0,0,0,0,0,0,0,0,0,0,1,0,0,0,0,0,0,0,0,0,0,0,0,13.82,1.67,1124.41,821.08,575.8800000000001,909.36
76,1500.0,351851,244969,21.2,3.4,34708.0,7,900,450,900,,2023-08-18,Giroc,Romania,0,0,0,0,0,0,0,0,0,0,0,0,0,0,0,0,0,0,0,0,0,0,0,0,1,0,0,0,0,0,0,0,0,0,0,0,0.0,0,931.31,0,0,0
77,1201.0,440611,291146,26.0,2.4,77457.0,3,1200,850,1250,,2024-04-25,Bratislava,Slovak Republic,0,0,0,0,0,0,0,0,1,0,0,0,0,0,0,0,0,0,0,0,0,0,0,0,0,0,0,0,1,0,0,0,0,0,0,0,15.34,1.53,,736.3299999999999,671.8200000000002,935.6299999999998
78,1065.0,292988,193867,21.9,4.5,51726.0,0,1600,800,1550,,2023-10-20,Ljubljana,Slovenia,0,0,0,0,0,0,0,0,1,0,0,0,0,0,0,0,0,0,0,0,0,0,0,0,0,0,0,0,0,1,0,0,0,0,0,0,15.639999999999999,1.52,1471.85,777.0500000000001,578.45,914.6799999999998
79,334.0,2344124,1534225,28.5,6.2,70950.0,0,2700,1400,2300,,2024-09-11,Stockholm,Sweden,0,0,0,0,0,0,0,0,1,0,0,0,0,0,0,0,0,0,0,0,0,0,0,0,0,0,0,0,0,0,0,1,0,0,0,0,235.67000000000004,17.16,2815.29,803.2400000000001,814.14,871.41
80,245.0,1037675,672152,28.2,6.3,49588.0,0,2500,1200,2100,,2023-03-10,Gothenburg,Sweden,0,0,0,0,0,0,0,0,1,0,0,0,0,0,0,0,0,0,0,0,0,0,0,0,0,0,0,0,0,0,0,1,0,0,0,0,216.21,17.43,2815.29,884.28,801.3,876.0400000000001
81,368.0,680335,436271,29.4,9.2,44387.0,0,2400,1100,2000,,2024-07-07,Malmo,Sweden,0,0,0,0,0,0,0,0,1,0,0,0,0,0,0,0,0,0,0,0,0,0,0,0,0,0,0,0,0,0,0,1,0,0,0,0,232.77000000000004,18.08,2815.29,827.1900000000002,905.0600000000001,862.94
82,1922.0,4843511,3417691,30.0,14.4,38916.0,3,900,450,900,309.0,2023-06-08,Ankara,Turkiye,0,0,0,0,0,0,0,0,0,0,0,0,0,0,0,0,0,0,0,0,0,0,0,0,0,0,0,0,0,0,0,0,1,0,0,0,580.7299999999999,51.24,,717.8799999999999,747.07,1062.28
83,552.0,1074543,718256,37.8,12.2,19945.0,59,750,350,800,,2024-05-02,Adana,Turkiye,0,0,0,0,0,0,0,0,0,0,0,0,0,0,0,0,0,0,0,0,0,0,0,0,0,0,0,0,0,0,0,0,1,0,0,0,584.9200000000001,53.93,,726.3699999999999,929.5,990.7699999999999
